District,Code
Adilabad,TG01
Agar Malwa,MP01
Agra,UP01
Ahmedabad,GJ01
Ahmednagar,MH01
Aizawl,MZ01
Ajmer,RJ01
Akola,MH02
Alappuzha,KL01
Aligarh,UP02
Alipurduar,WB01
Alirajpur,MP02
Allahabad,UP03
Almora,UK01
Alwar,RJ02
Ambala,HR01
Ambedkar Nagar,UP04
Amethi,UP05
Amravati,MH03
Amreli,GJ02
Amritsar,PB01
Amroha,UP06
Anand,GJ03
Anantapur,AP01
Anantnag,JK01
Angul,OR01
Anjaw,AR01
Anuppur,MP03
Araria,BR01
Aravalli,GJ04
Ariyalur,TN01
Arwal,BR02
Ashok Nagar,MP04
Auraiya,UP07
Aurangabad,BR03
Aurangabad,MH04
Azamgarh,UP08
Bagalkot,KA01
Bageshwar,UK02
Bagpat,UP09
Bahraich,UP10
Bajali,AS01
Baksa,AS02
Balaghat,MP05
Balangir,OR02
Balasore,OR03
Ballari,KA02
Ballia,UP11
Balod,CG01
Baloda Bazar,CG02
Balrampur,CG03
Balrampur,UP12
Banaskantha,GJ05
Banda,UP13
Bandipora,JK02
Bangalore Rural,KA03
Bangalore Urban,KA04
Banka,BR04
Bankura,WB02
Banswara,RJ03
Barabanki,UP14
Baramulla,JK03
Baran,RJ04
Bareilly,UP15
Bargarh (Baragarh),OR04
Barmer,RJ05
Barnala,PB02
Barpeta,AS03
Barwani,MP06
Bastar,CG04
Basti,UP16
Bathinda,PB03
Beed,MH05
Begusarai,BR05
Belgaum,KA05
Bemetara,CG05
Betul,MP07
Bhadohi,UP17
Bhadradri Kothagudem,TG02
Bhadrak,OR05
Bhagalpur,BR06
Bhandara,MH06
Bharatpur,RJ06
Bharuch,GJ06
Bhavnagar,GJ07
Bhilwara,RJ07
Bhind,MP08
Bhiwani,HR02
Bhojpur,BR07
Bhopal,MP09
Bidar,KA06
Bijapur,CG06
Bijapur,KA07
Bijnor,UP18
Bikaner,RJ08
Bilaspur,HP01
Bilaspur,CG07
Birbhum,WB03
Bishnupur,MN01
Bishwanath,AS04
Bokaro,JH01
Bongaigaon,AS05
Botad,GJ08
Boudh (Bauda),OR06
Budaun,UP19
Budgam,JK04
Bulandshahr,UP20
Buldhana,MH07
Bundi,RJ09
Burhanpur,MP10
Buxar,BR08
Cachar,AS06
Central Delhi,DL01
Chachaura,MP11
Chamarajanagara,KA08
Chamba,HP02
Chamoli,UK03
Champawat,UK04
Champhai,MZ02
Chandauli,UP21
Chandel,MN02
Chandigarh,CH01
Chandrapur,MH08
Changlang,AR02
Charaideo,AS07
Charkhi Dadri,HR03
Chatra,JH02
Chengalpattu,TN02
Chennai,TN03
Chhatarpur,MP12
Chhindwara,MP13
Chhota Udepur,GJ09
Chikkaballapura,KA09
Chikmagalur,KA10
Chirang,AS08
Chitradurga,KA11
Chitrakoot,UP22
Chittoor,AP02
Chittorgarh,RJ10
Churachandpur,MN03
Churu,RJ11
Coimbatore,TN04
Cooch Behar,WB04
Cuddalore,TN05
Cuttack,OR07
Dadra and Nagar Haveli,DD01
Dahod,GJ10
Dakshin Dinajpur,WB05
Dakshina Kannada,KA12
Daman,DD02
Damoh,MP14
Dang,GJ11
Dantewada,CG08
Darbhanga,BR09
Darjeeling,WB06
Darrang,AS09
Datia,MP15
Dausa,RJ12
Davanagere,KA13
Debagarh (Deogarh),OR08
Dehradun,UK05
Deoghar,JH03
Deoria,UP23
Devbhoomi Dwarka,GJ12
Dewas,MP16
Dhalai,TR01
Dhamtari,CG09
Dhanbad,JH04
Dhar,MP17
Dharmapuri,TN06
Dharwad,KA14
Dhemaji,AS10
Dhenkanal,OR09
Dholpur,RJ13
Dhubri,AS11
Dhule,MH09
Dibrugarh,AS12
Dima Hasao,AS13
Dimapur,NL01
Dindigul,TN07
Dindori,MP18
Diu,DD03
Doda,JK05
Dumka,JH05
Dungarpur,RJ14
Durg,CG10
East Champaran,BR10
East Delhi,DL02
East Garo Hills,ML01
East Godavari,AP03
East Jaintia Hills,ML02
East Kameng,AR03
East Khasi Hills,ML03
East Siang,AR04
East Sikkim,SK01
East Singhbhum,JH06
Ernakulam,KL02
Erode,TN08
Etah,UP24
Etawah,UP25
Faizabad,UP26
Faridabad,HR04
Faridkot,PB04
Farrukhabad,UP27
Fatehabad,HR05
Fatehgarh Sahib,PB05
Fatehpur,UP28
Fazilka,PB06
Firozabad,UP29
Firozpur,PB07
Gadag,KA15
Gadchiroli,MH10
Gajapati,OR10
Ganderbal,JK06
Gandhinagar,GJ13
Ganjam,OR11
Garhwa,JH07
Gariaband,CG11
Gaurella-Pendra-Marwahi,CG12
Gautam Buddh Nagar,UP30
Gaya,BR11
Ghaziabad,UP31
Ghazipur,UP32
Gir Somnath,GJ14
Giridih,JH08
Goalpara,AS14
Godda,JH09
Golaghat,AS15
Gomati,TR02
Gonda,UP33
Gondia,MH11
Gopalganj,BR12
Gorakhpur,UP34
Gulbarga,KA16
Gumla,JH10
Guna,MP19
Guntur,AP04
Gurdaspur,PB08
Gurgaon,HR06
Gwalior,MP20
Hailakandi,AS16
Hamirpur,HP03
Hamirpur,UP35
Hanumangarh,RJ15
Hapur,UP36
Harda,MP21
Hardoi,UP37
Haridwar,UK06
Hassan,KA17
Hathras,UP38
Haveri,KA18
Hazaribag,JH11
Hingoli,MH12
Hissar,HR07
Hnahthial,MZ03
Hojai,AS17
Hooghly,WB07
Hoshangabad,MP22
Hoshiarpur,PB09
Howrah,WB08
Hyderabad,TG03
Idukki,KL03
Imphal East,MN04
Imphal West,MN05
Indore,MP23
Jabalpur,MP24
Jagatsinghpur,OR12
Jagtial,TG04
Jaipur,RJ16
Jaisalmer,RJ17
Jajpur,OR13
Jalandhar,PB10
Jalaun,UP39
Jalgaon,MH13
Jalna,MH14
Jalore,RJ18
Jalpaiguri,WB09
Jammu,JK07
Jamnagar,GJ15
Jamtara,JH12
Jamui,BR13
Jangaon,TG05
Janjgir-Champa,CG13
Jashpur,CG14
Jaunpur,UP40
Jayashankar Bhupalpally,TG06
Jehanabad,BR14
Jhabua,MP25
Jhajjar,HR08
Jhalawar,RJ19
Jhansi,UP41
Jhargram,WB10
Jharsuguda,OR14
Jhunjhunu,RJ20
Jind,HR09
Jiribam,MN06
Jodhpur,RJ21
Jogulamba Gadwal,TG07
Jorhat,AS18
Junagadh,GJ16
Kabirdham,CG15
Kaimur,BR15
Kaithal,HR10
Kakching,MN07
Kalahandi,OR15
Kalimpong,WB11
Kallakurichi,TN09
Kamareddy,TG08
Kamjong,MN08
Kamle,AR05
Kamrup,AS19
Kamrup Metropolitan,AS20
Kanchipuram,TN10
Kandhamal,OR16
Kangpokpi,MN09
Kangra,HP04
Kanker,CG16
Kannauj,UP42
Kannur,KL04
Kanpur Dehat,UP43
Kanpur Nagar,UP44
Kanyakumari,TN11
Kapurthala,PB11
Karaikal,PY01
Karauli,RJ22
Karbi Anglong,AS21
Kargil,LA01
Karimganj,AS22
Karimnagar,TG09
Karnal,HR11
Karur,TN12
Kasaragod,KL05
Kasganj,UP45
Kathua,JK08
Katihar,BR16
Katni,MP26
Kaushambi,UP46
Kendrapara,OR17
Kendujhar,OR18
Khagaria,BR17
Khammam,TG10
Khandwa (East Nimar),MP27
Khargone (West Nimar),MP28
Khawzawl,MZ04
Kheda,GJ17
Khordha,OR19
Khowai,TR03
Khunti,JH13
Kinnaur,HP05
Kiphire,NL02
Kishanganj,BR18
Kishtwar,JK09
Kodagu,KA19
Koderma,JH14
Kohima,NL03
Kokrajhar,AS23
Kolar,KA20
Kolasib,MZ05
Kolhapur,MH15
Kolkata,WB12
Kollam,KL06
Komaram Bheem,TG11
Kondagaon,CG17
Koppal,KA21
Koraput,OR20
Korba,CG18
Koriya,CG19
Kota,RJ23
Kottayam,KL07
Kozhikode,KL08
Kra Daadi,AR06
Krishna,AP05
Krishnagiri,TN13
Kulgam,JK10
Kullu,HP06
Kupwara,JK11
Kurnool,AP06
Kurukshetra,HR12
Kurung Kumey,AR07
Kushinagar,UP47
Kutch,GJ18
Lahaul and Spiti,HP07
Lakhimpur,AS24
Lakhimpur Kheri,UP48
Lakhisarai,BR19
Lakshadweep,LD01
Lalitpur,UP49
Latehar,JH15
Latur,MH16
Lawngtlai,MZ06
Leh,LA02
Lepa Rada,AR08
Lohardaga,JH16
Lohit,AR09
Longding,AR10
Longleng,NL04
Lower Dibang Valley,AR11
Lower Siang,AR12
Lower Subansiri,AR13
Lucknow,UP50
Ludhiana,PB12
Lunglei,MZ07
Madhepura,BR20
Madhubani,BR21
Madurai,TN14
Mahabubabad,TG12
Maharajganj,UP51
Mahasamund,CG20
Mahbubnagar,TG13
Mahendragarh,HR13
Mahisagar,GJ19
Mahoba,UP52
Mahé,PY02
Maihar,MP29
Mainpuri,UP53
Majuli,AS25
Malappuram,KL09
Maldah,WB13
Malerkotla,PB13
Malkangiri,OR21
Mamit,MZ08
Mancherial,TG14
Mandi,HP08
Mandla,MP30
Mandsaur,MP31
Mandya,KA22
Mansa,PB14
Mathura,UP54
Mau,UP55
Mayiladuthurai,TN15
Mayurbhanj,OR22
Medak,TG15
Medchal–Malkajgiri,TG16
Meerut,UP56
Mehsana,GJ20
Mirzapur,UP57
Moga,PB15
Mokokchung,NL05
Mon,NL06
Moradabad,UP58
Morbi,GJ21
Morena,MP32
Morigaon,AS26
Mulugu,TG17
Mumbai City,MH17
Mumbai suburban,MH18
Mungeli,CG21
Munger,BR22
Murshidabad,WB14
Muzaffarnagar,UP59
Muzaffarpur,BR23
Mysore,KA23
Nabarangpur,OR23
Nadia,WB15
Nagaon,AS27
Nagapattinam,TN16
Nagarkurnool,TG18
Nagaur,RJ24
Nagda,MP33
Nagpur,MH19
Nainital,UK07
Nalanda,BR24
Nalbari,AS28
Nalgonda,TG19
Namakkal,TN17
Namsai,AR14
Nanded,MH20
Nandurbar,MH21
Narayanpet,TG20
Narayanpur,CG22
Narmada,GJ22
Narsinghpur,MP34
Nashik,MH22
Navsari,GJ23
Nawada,BR25
Nayagarh,OR24
Neemuch,MP35
New Delhi,DL03
Nicobar,AN01
Nilgiris,TN18
Nirmal,TG21
Niwari,MP36
Nizamabad,TG22
Noklak,NL07
Noney,MN10
North 24 Parganas,WB16
North Delhi,DL04
North East Delhi,DL05
North Garo Hills,ML04
North Goa,GA01
North Sikkim,SK02
North Tripura,TR04
North West Delhi,DL06
North and Middle Andaman,AN02
Nuapada,OR25
Nuh,HR14
Osmanabad,MH23
Pakke-Kessang,AR15
Pakur,JH17
Palakkad,KL10
Palamu,JH18
Palghar,MH24
Pali,RJ25
Palwal,HR15
Panchkula,HR16
Panchmahal,GJ24
Panipat,HR17
Panna,MP37
Papum Pare,AR16
Parbhani,MH25
Paschim Bardhaman,WB17
Paschim Medinipur,WB18
Patan,GJ25
Pathanamthitta,KL11
Pathankot,PB16
Patiala,PB17
Patna,BR26
Pauri Garhwal,UK08
Peddapalli,TG23
Perambalur,TN19
Peren,NL08
Phek,NL09
Pherzawl,MN11
Pilibhit,UP60
Pithoragarh,UK09
Poonch,JK12
Porbandar,GJ26
Prakasam,AP07
Pratapgarh,UP61
Pratapgarh,RJ26
Puducherry,PY03
Pudukkottai,TN20
Pulwama,JK13
Pune,MH26
Purba Bardhaman,WB19
Purba Medinipur,WB20
Puri,OR26
Purnia,BR27
Purulia,WB21
Raebareli,UP62
Raichur,KA24
Raigad,MH27
Raigarh,CG23
Raipur,CG24
Raisen,MP38
Rajanna Sircilla,TG24
Rajgarh,MP39
Rajkot,GJ27
Rajnandgaon,CG25
Rajouri,JK14
Rajsamand,RJ27
Ramanagara,KA25
Ramanathapuram,TN21
Ramban,JK15
Ramgarh,JH19
Rampur,UP63
Ranchi,JH20
Ranga Reddy,TG25
Ranipet,TN22
Ratlam,MP40
Ratnagiri,MH28
Rayagada,OR27
Reasi,JK16
Rewa,MP41
Rewari,HR18
Ri Bhoi,ML05
Rohtak,HR19
Rohtas,BR28
Rudraprayag,UK10
Rupnagar,PB18
Sabarkantha,GJ28
Sagar,MP42
Saharanpur,UP64
Saharsa,BR29
Sahibganj,JH21
Sahibzada Ajit Singh Nagar,PB19
Saiha,MZ09
Saitual,MZ10
Salem,TN23
Samastipur,BR30
Samba,JK17
Sambalpur,OR28
Sambhal,UP65
Sangareddy,TG26
Sangli,MH29
Sangrur,PB20
Sant Kabir Nagar,UP66
Saran,BR31
Satara,MH30
Satna,MP43
Sawai Madhopur,RJ28
Sehore,MP44
Senapati,MN12
Seoni,MP45
Sepahijala,TR05
Seraikela Kharsawan,JH22
Serchhip,MZ11
Shahdara,DL07
Shahdol,MP46
Shahid Bhagat Singh Nagar,PB21
Shahjahanpur,UP67
Shajapur,MP47
Shamli,UP68
Sheikhpura,BR32
Sheohar,BR33
Sheopur,MP48
Shi Yomi,AR17
Shimla,HP09
Shimoga,KA26
Shivpuri,MP49
Shopian,JK18
Shravasti,UP69
Siang,AR18
Siddharthnagar,UP70
Siddipet,TG27
Sidhi,MP50
Sikar,RJ29
Simdega,JH23
Sindhudurg,MH31
Singrauli,MP51
Sirmaur,HP10
Sirohi,RJ30
Sirsa,HR20
Sitamarhi,BR34
Sitapur,UP71
Sivaganga,TN24
Sivasagar,AS29
Siwan,BR35
Solan,HP11
Solapur,MH32
Sonbhadra,UP72
Sonipat,HR21
Sonitpur,AS30
South 24 Parganas,WB22
South Andaman,AN03
South Delhi,DL08
South East Delhi,DL09
South Garo Hills,ML06
South Goa,GA02
South Salmara,AS31
South Sikkim,SK03
South Tripura,TR06
South West Delhi,DL10
South West Garo Hills,ML07
South West Khasi Hills,ML08
Sri Ganganagar,RJ31
Sri Muktsar Sahib,PB22
Sri Potti Sriramulu Nellore,AP08
Srikakulam,AP09
Srinagar,JK19
Subarnapur (Sonepur),OR29
Sukma,CG26
Sultanpur,UP73
Sundargarh,OR30
Supaul,BR36
Surajpur,CG27
Surat,GJ29
Surendranagar,GJ30
Surguja,CG28
Suryapet,TG28
Tamenglong,MN13
Tapi,GJ31
Tarn Taran,PB23
Tawang,AR19
Tehri Garhwal,UK11
Tengnoupal,MN14
Tenkasi,TN25
Thane,MH33
Thanjavur,TN26
Theni,TN27
Thiruvananthapuram,KL12
Thoothukudi,TN28
Thoubal,MN15
Thrissur,KL13
Tikamgarh,MP52
Tinsukia,AS32
Tirap,AR20
Tiruchirappalli,TN29
Tirunelveli,TN30
Tirupattur,TN31
Tiruppur,TN32
Tiruvallur,TN33
Tiruvannamalai,TN34
Tiruvarur,TN35
Tonk,RJ32
Tuensang,NL10
Tumakuru,KA27
Udaipur,RJ33
Udalguri,AS33
Udham Singh Nagar,UK12
Udhampur,JK20
Udupi,KA28
Ujjain,MP53
Ukhrul,MN16
Umaria,MP54
Una,HP12
Unnao,UP74
Unokoti,TR07
Upper Dibang Valley,AR21
Upper Siang,AR22
Upper Subansiri,AR23
Uttar Dinajpur,WB23
Uttara Kannada,KA29
Uttarkashi,UK13
Vadodara,GJ32
Vaishali,BR37
Valsad,GJ33
Varanasi,UP75
Vellore,TN36
Vidisha,MP55
Vijayanagara,KA30
Vikarabad,TG29
Viluppuram,TN37
Virudhunagar,TN38
Visakhapatnam,AP10
Vizianagaram,AP11
Wanaparthy,TG30
Warangal Rural,TG31
Warangal Urban,TG32
Wardha,MH34
Washim,MH35
Wayanad,KL14
West Champaran,BR38
West Delhi,DL11
West Garo Hills,ML09
West Godavari,AP12
West Jaintia Hills,ML10
West Kameng,AR24
West Karbi Anglong,AS34
West Khasi Hills,ML11
West Siang,AR25
West Sikkim,SK04
West Singhbhum,JH24
West Tripura,TR08
Wokha,NL11
YSR,AP13
Yadadri Bhuvanagiri,TG33
Yadgir,KA31
Yamuna Nagar,HR22
Yanam,PY04
Yavatmal,MH36
Zunheboto,NL12
